antibody_lineage,subject,light_locus,vh,dh,jh,vl,jl,uca_heavy,uca_light,uca_heavy_accession,uca_light_accession
RHA1,5695,IGL,IGHV4-NL_36*01_S8200,IGHD3-15*01,IGHJ2*01,IGLV1-ACN*02,IGLJ2*01,CAGGTGCAGCTGCAGGAGTCGGGCCCAGGACTGGTGAAGCCTTCGGAGACCCTGTCCCTCACCTGCGCTGTCTCTGGTGGCTCCATCAGCGGTTACTACTGGAACTGGATCCGCCAACCCCCAGGGAAGGGGCTGGAGTGGATTGGGTATATCGGTGGTAGTAGTGGGAGCACCTACTACAACCCCTCCCTCAAGAGTCGAGTCACCATTTCAACGGACACGTCCAAGAACCAGTTCTCCCTGAAGCTGAGCTCTGTGACCGCCGCGGACACGGCCGTGTATTACTGTGCGAGAAAGGGTGAAGAGTATTACGAGGATGATTACGGTTACTATTACACCGAAGACTGGTACTTCGATCTCTGGGGCCCTGGCACCCCAATCACCATCTCCTCA,CAGTCTGTGCTGACGCAGCCGCCCTCAGTGTCTGGGGCGCCCGGGCAGAGGGTCACCATCTCCTGCACTGGGAGCAGCTCCAACATTGGAGGTTATTATGTGCAGTGGTACCAGCAGCTTCCAGGAACGGCCCCCAAACTCCTCATCTATGAAAATAATAAGCGACCCTCAGGGGTTTCTGATCGATTCTCTGGCTCCCAGTCTGGTACCTCAGCCTCCCTGACCATCACTGGACTCCAGTCTGAGGATGAGGCTGATTATTACTGCCAGTCCTATGACAGCAGCTTGAGTGCTCATGGCTTATTCGGAGGAGGGACCCGGCTGACCGTCCTA,PV467379,PV467391
5695-b,5695,IGL,IGHV3-88*01,IGHD3-15*01,IGHJ6-6*01,IGLV2-ABU*01_S3471,IGLJ1*01,GAGGTGCGGCTGGTGGAGTCTGGGGGAGGCTTGGTCCAGCCTGGCGGGTCCCTGAGACTCTCCTGTGCAGCCTCTGGATTCACCTTCAGTGACTACTACATGAGCTGGGTCCGCCAGGCTCCAGGGAAGGGGCCGGAGTGGGTAGGTTTCATTAGAAACAAAGCTAATGGTGGGACAGCAGAATACGCCGCGTCTGTGAAAGGCAGATTCACCATCTCAAGAGATGATTCCAAAAGCATTGCCAGTCTGCAAATGAACAGCCTGAAAACCGAGGACACGGCCGTGTATTACTGTGCTAGAGAAGTAACTTGGTATTACGAGGATGATTACGGTCAAATTAGGGGGAGGTCCTACGGTTTGGATTCCTGGGGCCAAGGGGTCGTCGTCACCGTCTCCTCA,CAGGCTGCCCTGACTCAGTCTCCCTCTGTGTCTGGGTCTCCTGGACAGTCGGTCACCATTTCCTGCACTGGAACCAGCAGTGACATTGGTGGTTATAACCGTGTCTCCTGGTACCAACAGCACCCAGGCAAAGCCCCCAAACTCATGATTTATGAGGTCAGTAATCGGCCCTCAGGGGTCTCTGATCGCTTCTCTGGTTCCAAGTCTGGCAACACGGCCTCCCTGATCATCTCTGGGCTCCAGGCTGAGGACGAGGCTGATTATTACTGCAGCTCATACGCAAGCAGTAGCACTTACATCTTCGGTGCTGGGACCCGGCTCACCGTCCTA,PV467380,PV467392
6561-a,6561,IGL,IGHV4-NL_38*01_S9244,IGHD3-15*01,IGHJ5-5*01,IGLV4-ACF*02,IGLJ6*01_S7212,CAGGTGCAGCTGCAGGAGTCGGGCCCAGGACTGGTGAAGCCTTCGGAGACCCTGTCCCTCACCTGCGCTGTCTCTGGTGGCTCCATCAGCGATAGTTACTACTGGAACTGGATCCGCCAACCCCCAGGGAAGGGGCTGGAGTGGATTGGGAATATCTATGGTAATAGTGCGAGCACCTACTACAACCCCTCCCTCAAGAGTCGAGTCACCATTTCAAAAGACACGTCCAAGAACCAGTTCTTCCTGAAGCTGAGCTCTGTGACCGCCGCGGACACGGCCGTGTATTACTGTGCGAGAGATCGCTTGGTGGGAGAGTATTACGAGGATGATTACGGTTACTATCGAGTGTTTGACTCATTGGATGTCTGGGGCCGGGGAGTTCTGGTCACCGTCTCCTCA,CAGCCTGTGCTGACTCAGTCGCCCTCTGCCTCTGCCTCCCTGGGAGCCTCGGTCAAGCTCACCTGCACTCTGAGCAGTGGGCACAGCAGCTACGCCATCGCATGGCATCAGCAGCAGCAAGGGAAGGCCCCACGGTACTTAATGAGGCTTAACAGTGTTGGCAGCCACAGCAAGGGGGACGGGATCCCTGATCGCTTCTCAGGCTCCAGCTCCGGGGCTGAGCGCTACCTCACCATCTCCAACCTCCAGTCTGAGGATGAGGCTGATTATTACTGTCAGACCTGGACTACTGGCATTCATGTGTTCGGAAGTGGCACCAAGTTGACCGTCCTC,PV467381,PV467393
40591-a,40591,IGK,IGHV3-NL_1*01_S9854,IGHD3-15*01,IGHJ5-4*03,IGKV1-ACE*01_S9604,IGKJ4*01,GAGGTGCAGCTGGTGGAGTCTGGGGGAGGCTTGGTCCAGCCTGGAGGGTCCCTGAGACTCTCCTGTGCAGCCTCTGGATTCACCTTCAGTAGTTACGGCATGAGCTGGGTCCGCCAGGCTCCGGGAAAGGGGCTGGAGTGGGTCTCATCCATTAGTAGTGCTAGTAGTTACATATACTACGCTGACTCCGTGAAGGGCCGATTCACCATCTCCAGAGACAACGCCAAGAACTCGCTGTCTCTGCAAATGAACAGCCTGAGAGCCGAGGACACGGCCGTGTATTACTGTACTAGTCAGGGCCCTGACCCGTATTACGAGGATGATTACGGTTACTATTACGAGGTGCTTTCCAACCGGTTCGATGTCTGGGGCCCGGGAGTCCTGGTCACCGTCTCCTCA,GACATCCAGATGACCCAGTCTCCATCTTCCTTATCTGCATCTGTAGGAGACAGAGTCACCATCACTTGTCGGGCTAGTCAGACCATTAGCAGTTATTTAGCCTGGTATCAGCAGAAACCAGGGAAAGTCCCTAAGCTCCTGATCTATGCTTCATCCAGTTTGGAAAGCGGGGTCCCATCTCGGTTCAGCGGCAGTGGATCTGGGACAGAATTCACTCTCACCATCAGCAGCCTGCAGCCTGAAGATTTTGCAACTTATTACTGTCAACAGCATAATAGTCACCCGCTCACTTTCGGCGGAGGGACCAAGGTGGAGATCAAA,PV467382,PV467394
42056-a,42056,IGK,IGHV4-NL_17*01_S2469,IGHD3-15*01,IGHJ6-6*01,IGKV2-AEB*01_S8954,IGKJ2*01,CAGGTGCAGCTGCAGGAGTCGGGCCCAGGAGTGGTGAAGCCTTCGGAGACCCTGTCCCTCACCTGCGCTGTCTCTGGTGGCACCATCAGCAGTGGTTACTACTACTGGAGCTGGATCCGCCAGCCCCGAGGGAAGGGGCTGGAGTGGATTGGGGGTATCTATAGTAATAGTGAGAGTACCAACTACAACCCCTCCCTCAAGAGTCGAGTCACCATTTCAAAAGACACGTCCAAGAACCAGTTCTCCCTAAAGCTGAGCTCTGTGACCGCCACGGACACGGCCGTGTATTACTGTGCGAGAGAGAGAGAATTTTATTACGAGGATGATTACGGCCTCGAAACCGGCCGGGTCGGTTTGGATTCCTGGGGCCAAGGGGTCGTCGTCACCGTCTCCTCA,GACATTGTGATGACCCAGACTCCACTCTCCCTGCCCGTCACCCTTGGAGAGCCGGCCTCCATCTCCTGCAGGTCTAGTCAGAGCCTCTTGGATAGTGAGGATGGAAACACCTATTTGGAATGGTACCTGCAGAAGCCAGGCCAGTCTCCACAGCTCTTGATTTATGAGGTTTCCAACCGGGCCTCTGGAGTCCCAGACAGGTTCAGTGGCAGTGGGTCAGACACTGATTTCACACTGAAAATCAGCAGAGTGGAGGCTGAGGATGTTGGGGTTTATTACTGCATGCAAGCTCTAGAGTTTCCTCACAGTTTTGGCCAGGGGACCAAAGTGGAGATCAAA,PV467383,PV467395
42056-b,42056,IGL,IGHV4-NL_17*01_S2469,IGHD3-15*01,IGHJ5-5*01,IGLV1-ADA*01_S6654,IGLJ3*01,CAGGTGCAGCTGCAGGAGTCGGGCCCAGGAGTGGTGAAGCCTTCGGAGACCCTGTCCCTCACCTGCGCTGTCTCTGGTGGCACCATCAGCAGTGGTTACTACTACTGGAGCTGGATCCGCCAGCCCCGAGGGAAGGGGCTGGAGTGGATTGGGGGTATCTATAGTAATAGTGAGAGTACCAACTACAACCCCTCCCTCAAGAGTCGAGTCACCATTTCAAAAGACACGTCCAAGAACCAGTTCTCCCTAAAGCTGAGCTCTGTGACCGCCACGGACACGGCCGTGTATTACTGTGCGAGAGATGCCCCATTCGACCTCCCGTATTACGAGGATGATTACGGTTACTATTACACGGAGGGTGGGTCATTGGATGTCTGGGGCCGGGGAGTTCTGGTCACCGTCTCCTCA,CAGTCTGTGCTGACTCAGCCACCCTCAGCGTCTGGGGCTCCCGGGCAGAGTGTCACCATCTCCTGTTCTGGAAGCAGCTCCAACATTGGAAGTAATGATGTGTACTGGTACCAGCAGTTCCCAGGAACGGCCCCCAAACTCCTCATCTATTATAGTAATCAGCGACCCTCAGGGGTCCCTGACCGATTCTCTGGCTCCAAGTCTGGCACGTCAGCCTCCCTGGCCATCACTGGTCTCCGGTCTGAAGATGAGGCTGATTATTACTGTGCAGCATGGGATAACAGCCTGAACGGTCGGGTATTCGGCGGAGGGACCCGGCTGACCGTCCTA,PV467384,PV467396
T646-a,T646,IGL,IGHV4-79*01,IGHD3-15*01,IGHJ4-3*01,IGLV1-ABN*01,IGLJ6*01_S7212,CAGGTGCAGCTGCAGGAGTCGGGCCCAGGACTGGTGAAGCCTTCGGAGACCCTGTCCCTCACCTGCGCTGTCTCTGGTGGCTCCATCAGCGATGATTACTACTGGAGCTGGATCCGCCAGCCCCCAGGGAAGGGACTGGAGTGGATTGGGTACATCTATGGTAGTGGTGGGGGCACCAACTACAATCCCTCCCTCAAGAATCGAGTCACCATTTCAATAGACACGTCCAAGAACCAGTTCTCCCTGAAGCTGAGCTCTGTGACCGCCGCGGACACGGCCGTGTATTACTGTGCGAGAGCACCCCGCTCCTTCTTATACGAGGATGATTACGGTTACTATTACACCGAGTCGGACTACTTTGACTACTGGGGCCAGGGAGTCCTGGTCACCGTCTCCTCA,CAGTCTGTGCTGACTCAGCCTCCCTCAGCGTCTGAGGCCGCCAGGAAGAGTGTCACCATCTCCTGTTCTGGAAGCAGCTCCAACATCGGAAGTAATAGTGTATCCTGGTACCAGCAGCTCCCAGAAACGGCTCCCAAACTCCTCATCTATAATAATAATCAGCGACCCTCAGGGGTCCCTGATCGATTCTCTGGCTCCAAGTCTGGCACGTCAGCCTCCCTGGCCATCAGTGGGCTCCAGACCGAGGATGAGGCTGATTATTACTGCGCAGCATGGGATGATAGCCTGAGCGGTAATGTGTTCGGAAGTGGCACCAAGTTGACCGTCCTC,PV467385,PV467397
6070-a,6070,IGK,IGHV2-173*01,IGHD3-15*01,IGHJ3-2*01,IGKV1-ABR*01,IGKJ4*01,CAGGTGACCTTGAAGGAGTCTGGTCCTGCGCTGGTGAAACCCACACAGACCCTCACGCTGACCTGCACCTTCTCTGGGTTCTCACTCAGCACTAGTGGTATGGGTGTGGGCTGGATCCGTCAGCCCCCAGGGAAGGCCCTGGAATGGCTTGCAAGCATTTATTGGGATGATGATAAATACTACAGCACATCTCTGAAGAGCAGGCTCACCATCTCCAAGGACACCTCCAAAAACCAGGTGGTTCTAACAATGACCAACATGGACCCTGTGGACACAGCCACATATTACTGTGCACGGGGAGAGGAGTCGTATTACGAGGATGATTACGGTTTGATTGAGTGGTTACATGCTTTTGATTTCTGGGGCCAAGGGCTCAGGGTCACCGTCTCTTCA,GACATTCAGATGACCCAGTCTCCATCCTCCCTGTCTGCATCTGTAGGAGACACAGTCACCATCACTTGTCGGGCAAGTCAGGGCATTAGCAGTTATTTAGCCTGGTATCAGCAGAAACCAGGGAAAGCCCCTAAGCGCCTGATCTATGCTGCATCCACTTTGCAAAGTGGGGTCCCATCAAGGTTCAGTGGCAGTGGATCTGGGACAGATTTCACTCTCACCATCAGCAGCCTGCAGCCTGAAGATTTTGCAACTTATTACTGTCAACAGCATAATAGTCACCCGCTCACTTTCGGCGGAGGGACCAAGGTGGAGATCAAA,PV467386,PV467398
V033-a,V033,IGK,IGHV3-76*01,IGHD3-15*01,IGHJ4-3*01,IGKV1-ACI-S*01,IGKJ2*01,GAGGTGCAGCTGGTGGAGTCTGGGGGCGGCTTGGCAAAGCCTGGGGGGTCCCTGAGACTCTCCTGTGCAGCCTCTGGATTCACCTTCAGTAGCTACTGGATGAATTGGGTCCGCCAGACTCCAGGGAAGGGGCTGGAGTGGATCTCAGCTATTAATAGTGGTGGGGGTAGCACATACTACGCAGACTCCGTGAAGGGCCGATTCACCATCTCCAGAGACAACTCAAAGAACACGCTCTCCCTGCAAATGAACAGCCTGAGAGCTGAGGACACGGCCGTGTATTACTGTGCTAAAGTCGACGAGGATGATTACGGTTACTATTACACCGTCCCGGGTGATTTCAAGAAGTACTACTTTGACTACTGGGGCCAGGGAGTCCTGGTCACCGTCTCCTCA,GACATCCAGATGACCCAGTCTCCTTCCTCCCTGTCTGCATCTGTGGGAGACAAAGTCACCATCACTTGCCAGGCAAGTCAGAGTATTAGCAGCTGGTTAGCCTGGTATCAGCAGAAACCAGGGAAAGCCCCTAAGCCCCTGATCTATAAGGCATCCAGTTTGGAAAGTGGGGTCCCCTCAAGGTTCAGCGGCAGTGGATCTGGGACAGATTTCACTCTCACCATCAGCAGCCTGCAGCCTGAAGATTTTGCAACTTATTACTGTCAACAGTATAACAGTGCGCCGTACAGTTTTGGCCAGGGGACCAAAGTGGAGATCAAA,PV467387,PV467399
41328-a,41328,IGL,IGHV4-144*01_S8155,IGHD3-15*01,IGHJ6-6*01,IGLV1-ABN*02_S8168,IGLJ1*01,CAGGTGAAGCTGCAGCAGTGGGGTGAAGGACTGGTGAAGCCTTCGGAGACCCTGTCCCTCACCTGCGCTGTCTATGGTGGCTCCATCAGCGGTTACTACTACTGGAGCTGGATCCGCCAGGCCCCAGGGAAGGGACTGGAGTGGATTGGGAATATTGATGGTAATAGTGCGAGCACCAACTACAACCCCTCCCTCAAGAATCGAGTCACCATTTCAAAAGACACGTCCAAGAACCAGTTTTCCCTGAAGCTGAGCTCTGTGACCGCCGCGGACACGGCCGTGTATTACTGTGCGAGAGGTTTTACGTATTACGAGGATGATTACGGTTACTATTACACCGAACCGACATACCTCTTTTTGGATTCCTGGGGCCAAGGGGTCGTCGTCACCGTCTCCTCA,CAGTCTGTGCTGACTCAGCCTCCCTCAGCGTCTGAGGCCGCCAGGAAGAGTGTCACCATCTCCTGTTCTGGAAGCAGCTCCAACATCGGAAGTAATAGTGTATCCTGGTACCAGCAGCTCCCAGGAACAGCTCCCAAACTCCTCATCTATTATAATGATCAACGAGCCTCAGGTGTCTCTGACCGATTCTCTGGCTCCAAGTCTGGCACGTCAGCCTCCCTGGCCATCAGTGGGCTCCAGACCGAGGATGAGGCTGATTATTACTGCGCAGCATGGGATGATAGCCTGAGCGGTTACATCTTCGGTGCTGGGACCCGGCTCACCGTCCTA,PV467388,PV467400
V031-a,V031,IGK,IGHV2-7*02_S1732,IGHD3-15*01,IGHJ6-6*01,IGKV2-AAO*01_S5152,IGKJ2*01,CAGGTGACCTTGAAGGAGTCTGGTCCTGCGCTAGTGAAACCCACACAGACCCTCACGCTGACCTGCACCTTCTCTGGGTTCTCACTCAGCACTTCTGGAATGCGTGTGAGCTGGATCCGTCAGCCCCCAGGAAAGGCCCTGGAGTGGCTTGCACGCATTGATTGGGATGATGATAAATACTACAGCACATCTCTGAAGAGCAGGCTCACCATCTCCAAGGACACCTCCAAGAACCAGGTTGTCCTTACAATGACCAACATGGACCCTGTGGACACAGCCACATATTACTGTGCACGGAGCCAACGGTACTATTACGAGGATGATTACGGTTACTATTACACCAATTCACGCGACTACGGTTTGGATTCCTGGGGCCAAGGGGTCGTCGTCACCGTCTCCTCA,GATATAGTGATGACCCAGACTCCACTCTCCCTGCCTGTCACCCCTGGAGAGCCGGCGTCCATCTCCTGCAGGTCTAGTCAGAGCCTCCTGGATAGTGATGGATACACTCATTTGCATTGGTACCTGCAGAAGCCAGGCCAGTCTCCACAGCTCCTGATCTATTTGGTTTCCAACCGGGCCTCTGGAGTCCCAGACAGGTTCAGTGGCAGTGGGTCAGGCACTGATTTCACACTGAAAATCAACAGGGTGGAGGCTGAGGATGTTGGGGTTTATTACTGCATGCAAACTCTACAAACTCCGTACAGTTTTGGCCAGGGGACCAAAGTGGAGATCAAA,PV467389,PV467401
44715-a,44715,IGK,IGHV3-NL_17*01_S9589,IGHD3-15*01,IGHJ5-4*03,IGKV2-ACL*01_S1827,IGKJ3*01,GAGGTGCAGCTGGTGGAGTCTGGGGGAGGCTTGGTCCAGCCTGGGGGGTCCCTGAGGCTCTCCTGTGCAGCCTCTGGATTCACCTTCAGTAACGTCTGGATGAACTGGGTCCGCCAGGCTCCAGGGAAGGGGCTAGAGTGGGTTGCCCGTATTAAAAGCAAAGCTGATGGTGGAACAGCAGATTACGCCGCGTCTGTGAAAGGCAGATTCACCATCTCAAGAGACGATTCAAAGAACACACTGTATCTGCAAATGAACAGCCTGAAAACCGAGGACACGGCCGTGTATTACTGCACCACATATGGGTCCATAGTCGAGGATGATTACGGTTACTATTACATCGAGAGGATTGAGAACCGGTTCGATGTCTGGGGCCCGGGAGTCCTGGTCACCGTCTCCTCA,GATGTTGTGATGACTCAGTCTCCACTCTCCCTGCCCATCACCCCTGGACAGCCGGCCTCCATCTCCTGCAGGTCTAGTCAAAGCCTTGTACACAGCAATGGAAACACATACTTGAGTTGGTATCAGCAGAAGCCAGGCCAACCTCCAAGGCGCCTAATTTATGAGGTTTCTAACCGGGACTCTGGGGTCCCAGACAGATTCAGCGGCAGTGGGGCAGGGACAGATTTCACACTGAAAATCAGCAGAGTGGAGGCTGAGGATGTTGGGGTTTATTACTGCGGGCAAGGTACACACCTTCCTCCATTCACTTTCGGCCCCGGGACCAAACTGGATATCAAA,PV467390,PV467402
