mAb ID,Macmul VH gene,Macmul VL gene,SHM IGHV,SHM IGLV,HCDR3 length (aa),VDJ Junction
6070-a.01,VH2-173*01,VK1-ABR*01,4.7,4.9,23,CARGEESFYEDDYGQMEWLHSFDAW
42056-a.01,VH4-NL_17*01_S2469,VK2-AEB*01_S8954,14.6,9.5,23,CAREKQYYFDDYYSVESGRVGMDSW
5695-b.01,VH3-88*01,VL2-ABU*01_S3471,8.6,6.1,24,CVREDTWFYDDDYGHMWGTTYCFDVW
T646-a.01,VH4-79*01,VL1-ABN*01,10.1,1.7,25,CAKAPRSFLYGDDYGDFYTESDYFDSW
41328-a.01,VH4-144*01_S8155,VL1-ABN*02_S8168,6.7,6.1,25,CARGSIYYEDDDGYYYSEATYLHLHLW
V033-a.01,VH3-76*01,VK1-ACI-S*01,4.7,4.9,25,CARVDGDDYGYFDTVPGDSKKYYFKHW
44715-a.01,VH3-NL_17*01_S9589,VK2-ACL*01_S1827,8.5,6.7,25,CKVDGSIVVDEGFDYYIDAIEKGFVVW
40591-a.01,VH3-NL_1*01_S9854,VK1-ACE*01_S9604,12.9,4.9,26,CASQGPDPWYEDDFGYHYEVLSNRFDVW
6561-a.01,VH4-NL_38*01_S9244,VL4-ACF*02,8.7,6.7,26,CVRDRLLEEYYEEDYDNWYRVFDALEVW
42056-b.01,VH4-NL_17*01_S2469,VL1-ADA*01_S6654,11.7,5.8,27,CSRHAPFDLPFTDDDYAEFYPGERSLDVW
V031-a.01,VH2-7*02_S1732,VK2-AAO*01_S5152,12.2,6.0,28,CARSQQHYYEDAYTFDWYYFHSRDNGLDSW
