mAb ID,Macmul VH gene,Macmul VL gene,SHM VH,SHM VL,Indels (aa),HCDR3 length (aa),VDJ Junction
6070-a.01,VH2-173*01,VK1-ABR*01,5.0,4.9,n/a,23,CARGEESFYEDDYGQMEWLHSFDAW
42056-a.01,VH4-NL_17*01_S2469,VK2-AEB*01,14.2,9.1,n/a,23,CAREKQYYFDDYYSVESGRVGMDSW
5695-b.01,VH3-88*01,VL2-13*01,8.6,6.1,n/a,24,CVREDTWFYDDDYGHMWGTTYCFDVW
T646-a.01,VH4-79*01,VL1-ABN*01,10.4,1.4,n/a,25,CAKAPRSFLYGDDYGDFYTESDYFDSW
41328-a.01,VH4-144*01_S8155,VL1-ABN*02,7.1,5.3,n/a,25,CARGSIYYEDDDGYYYSEATYLHLHLW
V033-a.01,VH3-76*01,VK1-ACI-S*01,4.8,4.9,n/a,25,CARVDGDDYGYFDTVPGDSKKYYFKHW
44715-a.01,VH3-NL_17*01_S9589,VK2-65*01,8.9,6.1,HCDR2 -1,25,CKVDGSIVVDEGFDYYIDAIEKGFVVW
40591-a.01,VH3-NL_1*01_S9854,VK1-ACE*01,9.9,9.7,n/a,26,CTTQGPDPWSDNDYGYFYEALSNRFHDW
6561-a.01,VH4-NL-38*01_S9244,VL4-ACF*02,9.0,6.7,HCDR3 +1,26,CVRDRLLEEYYEEDYDNWYRVFDALEVW
42056-b.01,VH4-NL_17*01_S2469,VL1-ADA*01,11.9,7.9,n/a,27,CSRHAPFDLPFTDDDYAEFYPGERSLDVW
V031-a.01,VH2-7*02_S1732,VK2-78*01,14.4,7.1,HCDR3 +1,28,CARSQQHYYEDAYTFDWYYFHSRDNGLDSW
